<?xml version='1.0' encoding='UTF-8' ?>
<timeLogEntries>
  <time id="1" path="/Non Project/PSP Fundamentals &amp; Advanced/Program 1/Planning" start="@1486308013963" delta="5" />
  <time id="2" path="/Non Project/PSP Fundamentals &amp; Advanced/Program 1/Design" start="@1486308714325" delta="7" />
  <time id="3" path="/Non Project/PSP Fundamentals &amp; Advanced/Program 1/Code" start="@1486309258033" delta="24" />
  <time id="4" path="/Non Project/PSP Fundamentals &amp; Advanced/Program 1/Code" start="@1486311087109" delta="97" />
  <time id="5" path="/Non Project/PSP Fundamentals &amp; Advanced/Program 1/Compile" start="@1486341575561" delta="9" />
  <time id="6" path="/Non Project/PSP Fundamentals &amp; Advanced/Program 1/Test" start="@1486342195433" delta="10" interrupt="1" />
  <time id="7" path="/Non Project/PSP Fundamentals &amp; Advanced/Program 2/Planning" start="@1487507320351" delta="37" />
  <time id="8" path="/Non Project/PSP Fundamentals &amp; Advanced/Program 2/Planning" start="@1487510880634" delta="17" />
  <time id="9" path="/Non Project/PSP Fundamentals &amp; Advanced/Program 2/Design" start="@1487517530232" delta="27" />
  <time id="10" path="/Non Project/PSP Fundamentals &amp; Advanced/Program 2/Code" start="@1487519198860" delta="89" />
  <time id="11" path="/Non Project/PSP Fundamentals &amp; Advanced/Program 2/Code" start="@1487534311238" delta="49" />
  <time id="12" path="/Non Project/PSP Fundamentals &amp; Advanced/Program 2/Compile" start="@1487537278750" delta="18" />
  <time id="13" path="/Non Project/PSP Fundamentals &amp; Advanced/Program 2/Code" start="@1487540320630" delta="18" />
  <time id="14" path="/Non Project/PSP Fundamentals &amp; Advanced/Program 2/Code" start="@1487543421111" delta="63" />
  <time id="15" path="/Non Project/PSP Fundamentals &amp; Advanced/Program 2/Postmortem" start="@1487732274553" delta="57" />
  <time id="16" path="/Non Project/PSP Fundamentals &amp; Advanced/Program 2/Postmortem" start="@1487783990766" delta="7" />
</timeLogEntries>
